<?xml version="1.0" encoding="UTF-8"?>
<backlog name="Cucumber example backlog" account="easyBacklog" company="none" created_at="2011-11-13 22:12:12 UTC" updated_at="2011-11-13 22:16:03 UTC" velocity="3.0" rate="800" points="17.0" days="5.7" cost="&#163;4,533" use_50_90="false" scoring_rule="Modified Fibonacci">
  <themes>
    <theme name="Theme 1" code="TH1" points="11.0" days="3.7" cost="&#163;2,933">
      <stories>
        <story unique_id="1" code="TH11" as_a="story 1" i_want_to="" so_i_can="" comments="" cost="&#163;267" days="0.3" color="" score="1.0">
          <acceptance_criteria>
          </acceptance_criteria>
        </story>
        <story unique_id="2" code="TH12" as_a="story 2" i_want_to="" so_i_can="" comments="" cost="&#163;533" days="0.7" color="" score="2.0">
          <acceptance_criteria>
          </acceptance_criteria>
        </story>
        <story unique_id="3" code="TH13" as_a="story 3" i_want_to="" so_i_can="" comments="" cost="&#163;800" days="1.0" color="" score="3.0">
          <acceptance_criteria>
          </acceptance_criteria>
        </story>
        <story unique_id="4" code="TH14" as_a="story 4" i_want_to="" so_i_can="" comments="" cost="&#163;1,333" days="1.7" color="" score="5.0">
          <acceptance_criteria>
          </acceptance_criteria>
        </story>
      </stories>
    </theme>
    <theme name="Theme 2" code="TH3" points="6.0" days="2.0" cost="&#163;1,600">
      <stories>
        <story unique_id="1" code="TH31" as_a="story 1" i_want_to="" so_i_can="" comments="" cost="&#163;267" days="0.3" color="" score="1.0">
          <acceptance_criteria>
          </acceptance_criteria>
        </story>
        <story unique_id="2" code="TH32" as_a="story 2" i_want_to="" so_i_can="" comments="" cost="&#163;533" days="0.7" color="" score="2.0">
          <acceptance_criteria>
          </acceptance_criteria>
        </story>
        <story unique_id="3" code="TH33" as_a="story 3" i_want_to="" so_i_can="" comments="" cost="&#163;800" days="1.0" color="" score="3.0">
          <acceptance_criteria>
          </acceptance_criteria>
        </story>
      </stories>
    </theme>
  </themes>
  <snapshots>
  </snapshots>
  <sprints>
    <sprint iteration="1" start_on="2011-01-03" duration_days="5" number_team_members="1" completed="true" completed_at="2011-11-13 22:13:30 UTC" total_completed_points="2.0" total_allocated_points="2.0" total_expected_points_for_this_sprint="15.0">
      <sprint_stories>
        <sprint_story code="TH12" status="Accepted" status_code="D" accepted="true" score_50_when_assigned="2.0" score_90_when_assigned="2.0"/>
      </sprint_stories>
      <snapshot name="Sprint 1" velocity="3.0" rate="800" points="11.0" days="3.7" cost="&#163;2,933" use_50_90="false" created_at="2011-11-13 22:13:31 UTC" updated_at="2011-11-13 22:13:31 UTC">
        <themes>
          <theme name="Theme 1" code="TH1" points="11.0" days="3.7" cost="&#163;2,933">
            <stories>
              <story unique_id="1" code="TH11" as_a="story 1" i_want_to="" so_i_can="" comments="" cost="&#163;267" days="0.3" color="" score="1.0">
                <acceptance_criteria>
                </acceptance_criteria>
              </story>
              <story unique_id="2" code="TH12" as_a="story 2" i_want_to="" so_i_can="" comments="" cost="&#163;533" days="0.7" color="" score="2.0">
                <acceptance_criteria>
                </acceptance_criteria>
              </story>
              <story unique_id="3" code="TH13" as_a="story 3" i_want_to="" so_i_can="" comments="" cost="&#163;800" days="1.0" color="" score="3.0">
                <acceptance_criteria>
                </acceptance_criteria>
              </story>
              <story unique_id="4" code="TH14" as_a="story 4" i_want_to="" so_i_can="" comments="" cost="&#163;1,333" days="1.7" color="" score="5.0">
                <acceptance_criteria>
                </acceptance_criteria>
              </story>
            </stories>
          </theme>
        </themes>
      </snapshot>
    </sprint>
    <sprint iteration="2" start_on="2011-01-10" duration_days="5" number_team_members="1" completed="true" completed_at="2011-11-13 22:15:28 UTC" total_completed_points="8.0" total_allocated_points="8.0" total_expected_points_for_this_sprint="15.0">
      <sprint_stories>
        <sprint_story code="TH13" status="Accepted" status_code="D" accepted="true" score_50_when_assigned="3.0" score_90_when_assigned="3.0"/>
        <sprint_story code="TH14" status="Accepted" status_code="D" accepted="true" score_50_when_assigned="5.0" score_90_when_assigned="5.0"/>
      </sprint_stories>
      <snapshot name="Sprint 2" velocity="3.0" rate="800" points="14.0" days="4.7" cost="&#163;3,733" use_50_90="false" created_at="2011-11-13 22:15:28 UTC" updated_at="2011-11-13 22:15:28 UTC">
        <themes>
          <theme name="Theme 1" code="TH1" points="11.0" days="3.7" cost="&#163;2,933">
            <stories>
              <story unique_id="1" code="TH11" as_a="story 1" i_want_to="" so_i_can="" comments="" cost="&#163;267" days="0.3" color="" score="1.0">
                <acceptance_criteria>
                </acceptance_criteria>
              </story>
              <story unique_id="2" code="TH12" as_a="story 2" i_want_to="" so_i_can="" comments="" cost="&#163;533" days="0.7" color="" score="2.0">
                <acceptance_criteria>
                </acceptance_criteria>
              </story>
              <story unique_id="3" code="TH13" as_a="story 3" i_want_to="" so_i_can="" comments="" cost="&#163;800" days="1.0" color="" score="3.0">
                <acceptance_criteria>
                </acceptance_criteria>
              </story>
              <story unique_id="4" code="TH14" as_a="story 4" i_want_to="" so_i_can="" comments="" cost="&#163;1,333" days="1.7" color="" score="5.0">
                <acceptance_criteria>
                </acceptance_criteria>
              </story>
            </stories>
          </theme>
          <theme name="Theme 2" code="TH3" points="3.0" days="1.0" cost="&#163;800">
            <stories>
              <story unique_id="1" code="TH31" as_a="story 1" i_want_to="" so_i_can="" comments="" cost="&#163;267" days="0.3" color="" score="1.0">
                <acceptance_criteria>
                </acceptance_criteria>
              </story>
              <story unique_id="2" code="TH32" as_a="story 2" i_want_to="" so_i_can="" comments="" cost="&#163;533" days="0.7" color="" score="2.0">
                <acceptance_criteria>
                </acceptance_criteria>
              </story>
            </stories>
          </theme>
        </themes>
      </snapshot>
    </sprint>
    <sprint iteration="3" start_on="2011-01-17" duration_days="5" number_team_members="1" completed="false" completed_at="" total_completed_points="0.0" total_allocated_points="1.0" total_expected_points_for_this_sprint="15.0">
      <sprint_stories>
        <sprint_story code="TH11" status="To do" status_code="T" accepted="false" score_50_when_assigned="1.0" score_90_when_assigned="1.0"/>
      </sprint_stories>
    </sprint>
  </sprints>
</backlog>
