{
  "command": "ruby -rubygems -r./custom_plan -eZeus.go",

  "plan": {
    "boot": {
      "default_bundle": {
        "development_environment": {
          "prerake": {"rake": []},
          "runner": ["r"],
          "console": ["c"],
          "server": ["s"],
          "generate": ["g"],
          "destroy": ["d"],
          "dbconsole": []
        },
        "test_environment": {
          "cucumber_environment": {"cucumber": []},
          "test_helper": {"test": ["rspec", "testrb"]},
          "test_console": ["tc"]
        }
      }
    }
  }
}
